<step title="BackgroundTrace" date="2025-07-04T19:26:00.365" instance="e63a90" url="/api/zipdeploy" method="POST" >
  <step title="Creating temporary deployment - FetchDeploymentManager" date="2025-07-04T19:26:00.401" /><!-- duration: 2ms -->
  <step title="Creating temporary deployment" date="2025-07-04T19:26:00.407" /><!-- duration: 145ms -->
  <step title="Performing fetch based deployment" date="2025-07-04T19:26:00.579" >
    <step title="Deployment timer started" date="2025-07-04T19:26:03.761" >
      <step title="DeploymentManager.Deploy(id:1058d777-6f84-42a9-85df-f567207f4355)" date="2025-07-04T19:26:03.803" >
        <step title="Collecting changeset information" date="2025-07-04T19:26:03.852" /><!-- duration: 250ms -->
        <step title="Updating submodules" date="2025-07-04T19:26:04.132" /><!-- duration: 1215ms -->
        <step title="Determining deployment builder" date="2025-07-04T19:26:05.769" >
          <step title="Builder is RunFromZipSiteBuilder" date="2025-07-04T19:26:05.784" /><!-- duration: 2ms -->
        </step><!-- duration: 18ms -->
        <step title="PreDeployment: context.CleanOutputPath False" date="2025-07-04T19:26:05.816" >
          <step title="PreDeployment: context.OutputPath /home/site/wwwroot" date="2025-07-04T19:26:05.889" >
            <step title="Building" date="2025-07-04T19:26:05.977" >
              <step title="Triggering recycle (preview mode disabled)." date="2025-07-04T19:26:06.247" /><!-- duration: 5ms -->
              <step title="Modified file to trigger a restart of the app container." date="2025-07-04T19:26:06.294" /><!-- duration: 2ms -->
              <step title="Skip function trigger and logicapp sync because function is not enabled." date="2025-07-04T19:26:06.312" /><!-- duration: 2ms -->
            </step><!-- duration: 1010ms -->
          </step><!-- duration: 1101ms -->
          <step title="Cleaning up temp files" date="2025-07-04T19:26:06.992" /><!-- duration: 6ms -->
          <step title="Cleaning up temp files" date="2025-07-04T19:26:06.999" /><!-- duration: 508ms -->
          <step title="Reloading status file with latest updates" date="2025-07-04T19:26:07.552" >
            <step title="WebHooksManager.PublishEventAsync: PostDeployment" date="2025-07-04T19:26:07.555" /><!-- duration: 50ms -->
          </step><!-- duration: 60ms -->
          <step title="Cleaning up temporary deployment - fetch deployment was successful" date="2025-07-04T19:26:07.627" /><!-- duration: 1ms -->
        </step><!-- duration: 1907ms -->
      </step><!-- duration: 3952ms -->
