<step title="Incoming Request" date="2025-07-04T19:18:05.748" instance="e63a90" url="/api/zipdeploy?isAsync=true" method="POST" type="request" pid="770,1,15" Accept="*/*" Host="easywowmacro.scm.azurewebsites.net" User-Agent="AZURECLI/2.75.0 (RPM)" Accept-Encoding="gzip, deflate" Authorization="Bas..." Cache-Control="no-cache" Content-Type="application/octet-stream" Cookie="ARRAffinity=e63a905017535be41fdba6560ff1ca4471d38789f7bd81ecafc51bcd61386024; ARRAffinitySameSite=e63a905017535be41fdba6560ff1ca4471d38789f7bd81ecafc51bcd61386024" Content-Length="4815165" x-ms-client-request-id="949e49b4-590b-11f0-904f-ce89ab00c8df" x-ms-artifact-checksum="163ee5153fb15c428912642815999f69d771b965f837c9b380a2eac604181cf5" X-ARR-LOG-ID="949e49b4-590b-11f0-904f-ce89ab00c8df" CLIENT-IP="40.116.83.72:1985" X-SITE-DEPLOYMENT-ID="easywowmacro" WAS-DEFAULT-HOSTNAME="easywowmacro.scm.azurewebsites.net" X-Forwarded-Proto="https" X-AppService-Proto="https" X-Forwarded-TlsVersion="1.3" X-WAWS-Unencoded-URL="/api/zipdeploy?isAsync=true" X-Client-IP="40.116.83.72" X-Client-Port="1985" >
  <step title="ZipPushDeploy" date="2025-07-04T19:18:05.881" >
    <step title="ZipDeploy. Run from package." date="2025-07-04T19:18:05.900" /><!-- duration: 2ms -->
    <step title="None repository commit" date="2025-07-04T19:18:05.910" >
      <step title="Commit id: 5544d0ae-a37c-4565-9bb8-5ba614132344" date="2025-07-04T19:18:05.912" Message="N/A" AuthorName="N/A" AuthorEmail="N/A" /><!-- duration: 2ms -->
    </step><!-- duration: 10ms -->
    <step title="Starting PushDeployAsync" date="2025-07-04T19:18:05.922" /><!-- duration: 3ms -->
    <step title="WEBSITE_RUN_FROM_PACKAGE is set to 1. Writing zip to SitePackagesPath" date="2025-07-04T19:18:05.939" /><!-- duration: 2ms -->
    <step title="Copying zip to SitePackages /home/data/SitePackages/20250704191805.zip from request body" date="2025-07-04T19:18:06.024" /><!-- duration: 3ms -->
    <step title="Writing multipart request body to /home/data/SitePackages/20250704191805.zip" date="2025-07-04T19:18:06.041" /><!-- duration: 9ms -->
    <step title="Start deployment in the background" date="2025-07-04T19:18:06.634" >
      <step title="Acquiring Deployment Lock" date="2025-07-04T19:18:06.670" /><!-- duration: 9ms -->
      <step title="Acquired Deployment Lock" date="2025-07-04T19:18:06.752" /><!-- duration: 5ms -->
    </step><!-- duration: 260ms -->
  </step><!-- duration: 1025ms -->
  <step title="Outgoing response" date="2025-07-04T19:18:06.915" type="response" statusCode="202" statusText="Accepted" /><!-- duration: 8ms -->
</step><!-- duration: 1176ms -->
