<step title="BackgroundTrace" date="2025-07-04T19:18:06.639" instance="e63a90" url="/api/zipdeploy" method="POST" >
  <step title="Creating temporary deployment - FetchDeploymentManager" date="2025-07-04T19:18:06.758" /><!-- duration: 2ms -->
  <step title="Creating temporary deployment" date="2025-07-04T19:18:06.770" /><!-- duration: 121ms -->
  <step title="Performing fetch based deployment" date="2025-07-04T19:18:06.940" >
    <step title="Deployment timer started" date="2025-07-04T19:18:10.237" >
      <step title="DeploymentManager.Deploy(id:5544d0ae-a37c-4565-9bb8-5ba614132344)" date="2025-07-04T19:18:10.275" >
        <step title="Collecting changeset information" date="2025-07-04T19:18:10.317" /><!-- duration: 113ms -->
        <step title="Updating submodules" date="2025-07-04T19:18:10.433" /><!-- duration: 1105ms -->
        <step title="Determining deployment builder" date="2025-07-04T19:18:11.706" >
          <step title="Builder is RunFromZipSiteBuilder" date="2025-07-04T19:18:11.710" /><!-- duration: 1ms -->
        </step><!-- duration: 11ms -->
        <step title="PreDeployment: context.CleanOutputPath False" date="2025-07-04T19:18:11.749" >
          <step title="PreDeployment: context.OutputPath /home/site/wwwroot" date="2025-07-04T19:18:11.821" >
            <step title="Building" date="2025-07-04T19:18:11.953" >
              <step title="Triggering recycle (preview mode disabled)." date="2025-07-04T19:18:12.305" /><!-- duration: 2ms -->
              <step title="Modified file to trigger a restart of the app container." date="2025-07-04T19:18:12.341" /><!-- duration: 2ms -->
              <step title="Skip function trigger and logicapp sync because function is not enabled." date="2025-07-04T19:18:12.345" /><!-- duration: 1ms -->
            </step><!-- duration: 1106ms -->
          </step><!-- duration: 1248ms -->
          <step title="Cleaning up temp files" date="2025-07-04T19:18:13.072" /><!-- duration: 16ms -->
          <step title="Cleaning up temp files" date="2025-07-04T19:18:13.107" /><!-- duration: 512ms -->
          <step title="Reloading status file with latest updates" date="2025-07-04T19:18:13.647" >
            <step title="WebHooksManager.PublishEventAsync: PostDeployment" date="2025-07-04T19:18:13.650" /><!-- duration: 77ms -->
          </step><!-- duration: 82ms -->
          <step title="Cleaning up temporary deployment - fetch deployment was successful" date="2025-07-04T19:18:13.734" /><!-- duration: 3ms -->
        </step><!-- duration: 2046ms -->
      </step><!-- duration: 3528ms -->
