<step title="Incoming Request" date="2025-07-04T19:25:59.648" instance="e63a90" url="/api/zipdeploy?isAsync=true" method="POST" type="request" pid="770,1,23" Accept="*/*" Host="easywowmacro.scm.azurewebsites.net" User-Agent="AZURECLI/2.75.0 (RPM)" Accept-Encoding="gzip, deflate" Authorization="Bas..." Cache-Control="no-cache" Content-Type="application/octet-stream" Cookie="ARRAffinity=e63a905017535be41fdba6560ff1ca4471d38789f7bd81ecafc51bcd61386024; ARRAffinitySameSite=e63a905017535be41fdba6560ff1ca4471d38789f7bd81ecafc51bcd61386024" Content-Length="4815136" x-ms-client-request-id="b13cda12-590c-11f0-86cb-cae0602d31aa" x-ms-artifact-checksum="541ef8abd1ec36dc64c31d5fef9a55eedd7ee09f67cdd3c758befa710de78043" X-ARR-LOG-ID="b13cda12-590c-11f0-86cb-cae0602d31aa" CLIENT-IP="172.191.21.72:12993" X-SITE-DEPLOYMENT-ID="easywowmacro" WAS-DEFAULT-HOSTNAME="easywowmacro.scm.azurewebsites.net" X-Forwarded-Proto="https" X-AppService-Proto="https" X-Forwarded-TlsVersion="1.3" X-WAWS-Unencoded-URL="/api/zipdeploy?isAsync=true" X-Client-IP="172.191.21.72" X-Client-Port="12993" >
  <step title="ZipPushDeploy" date="2025-07-04T19:25:59.672" >
    <step title="ZipDeploy. Run from package." date="2025-07-04T19:25:59.678" /><!-- duration: 2ms -->
    <step title="Starting PushDeployAsync" date="2025-07-04T19:25:59.683" /><!-- duration: 2ms -->
    <step title="WEBSITE_RUN_FROM_PACKAGE is set to 1. Writing zip to SitePackagesPath" date="2025-07-04T19:25:59.688" /><!-- duration: 4ms -->
    <step title="Copying zip to SitePackages /home/data/SitePackages/20250704192559.zip from request body" date="2025-07-04T19:25:59.714" /><!-- duration: 10ms -->
    <step title="Writing multipart request body to /home/data/SitePackages/20250704192559.zip" date="2025-07-04T19:25:59.725" /><!-- duration: 1ms -->
    <step title="Start deployment in the background" date="2025-07-04T19:26:00.356" >
      <step title="Acquiring Deployment Lock" date="2025-07-04T19:26:00.376" /><!-- duration: 2ms -->
      <step title="Acquired Deployment Lock" date="2025-07-04T19:26:00.397" /><!-- duration: 2ms -->
    </step><!-- duration: 198ms -->
  </step><!-- duration: 886ms -->
  <step title="Outgoing response" date="2025-07-04T19:26:00.563" type="response" statusCode="202" statusText="Accepted" /><!-- duration: 1ms -->
</step><!-- duration: 917ms -->
