﻿<?xml version="1.0" encoding="utf-8"?>
<deployment>
  <id>5544d0ae-a37c-4565-9bb8-5ba614132344</id>
  <author>N/A</author>
  <deployer>Push-Deployer</deployer>
  <authorEmail>N/A</authorEmail>
  <message>Created via a push deployment</message>
  <progress></progress>
  <status>Success</status>
  <statusText></statusText>
  <lastSuccessEndTime>2025-07-04T19:18:12.8329336Z</lastSuccessEndTime>
  <receivedTime>2025-07-04T19:18:10.3687762Z</receivedTime>
  <startTime>2025-07-04T19:18:11.6652223Z</startTime>
  <endTime>2025-07-04T19:18:12.8329336Z</endTime>
  <complete>True</complete>
  <is_temp>False</is_temp>
  <is_readonly>True</is_readonly>
  <buildSummary />
</deployment>