﻿<?xml version="1.0" encoding="utf-8"?>
<deployment>
  <id>1058d777-6f84-42a9-85df-f567207f4355</id>
  <author>N/A</author>
  <deployer>Push-Deployer</deployer>
  <authorEmail>N/A</authorEmail>
  <message>Created via a push deployment</message>
  <progress></progress>
  <status>Success</status>
  <statusText></statusText>
  <lastSuccessEndTime>2025-07-04T19:26:06.7579806Z</lastSuccessEndTime>
  <receivedTime>2025-07-04T19:26:03.9920912Z</receivedTime>
  <startTime>2025-07-04T19:26:05.7248069Z</startTime>
  <endTime>2025-07-04T19:26:06.7579806Z</endTime>
  <complete>True</complete>
  <is_temp>False</is_temp>
  <is_readonly>True</is_readonly>
  <buildSummary />
</deployment>